code,name
ENGR 3341,Probability Theory and Statistics
ECS 3390,Professional and Technical Communication
ECS 3310,Introduction to Materials Science
ECS 3301,Introduction to Nanoscience and Nanotechnology
ECS 2361,Social Issues and Ethics in Science and Technology
ECS 1100,Introduction to Engineering and Computer Science
ENGR 2300,Linear Algebra for Engineers
ENGR 3300,Advanced Engineering Mathematics
CS 3333,Data Structures
CS 3341,Probability and Statistics in Computer Science and Software Engineering
CS 3345,Data Structures and Introduction to Algorithmic Analysis
CS 3354,Software Engineering
CS 3360,Computer Graphics for Artists and Designers
CS 4141,Digital Systems Laboratory
CS 3385,"Ethics, Law, Society, and Computing"
CS 3V95,Undergraduate Topics in Computer Science
CS 3305,Discrete Mathematics for Computing II
CS 4301,Special Topics in Computer Science
CS 4313,Neural Net Mathematics
CS 3377,C/C++ Programming in a UNIX Environment
CS 3162,Professional Responsibility in Computer Science and Software Engineering
CS 2337,Computer Science II
CS 2V95,Individual Instruction in Computer Science
CS 2340,Computer Architecture
CS 4314,Intelligent Systems Analysis
CS 2336,Computer Science II
CS 2335,Computer Science II for Non-majors
CS 2305,Discrete Mathematics for Computing I
CS 1336,Programming Fundamentals
CS 1335,Computer Science I for Non-majors
CS 1334,Programming Fundamentals for Non-Majors
CS 1325,Introduction to Programming
CS 1324,Introduction to Programming for Biomedical Engineers
CS 1200,Introduction to Computer Science and Software Engineering
CS 1136,Computer Science Laboratory
CS 1134,Computer Science Laboratory
CS 3149,Competitive Learning in Computer Science
CS 4315,Intelligent Systems Design
CS 4394,Implementation of Modern Operating Systems
CS 4334,Numerical Analysis
CS 4V98,Undergraduate Research in Computer Science
CS 4V95,Undergraduate Topics in Computer Science
CS 4485,Computer Science Project
CS 4475,Capstone Project
CS 4399,Senior Honors in Computer Science
CS 4398,Digital Forensics
CS 4397,Embedded Computer Systems
CS 4396,Networking Laboratory
CS 4395,Human Language Technologies
CS 4393,Computer and Network Security
CS 4392,Computer Animation
CS 4391,Introduction to Computer Vision
CS 4390,Computer Networks
CS 4389,Data and Applications Security
CS 4386,Compiler Design
CS 4384,Automata Theory
CS 4376,Object-Oriented Design
CS 4375,Introduction to Machine Learning
CS 4372,Computational Methods for Data Scientists
CS 4371,Introduction to Big Data Management and Analytics
CS 4365,Artificial Intelligence
CS 4361,Computer Graphics
CS 4353,Human Computer Interactions II
CS 4352,Human Computer Interactions I
CS 4349,Advanced Algorithm Design and Analysis
CS 4348,Operating Systems Concepts
CS 4347,Database Systems
CS 4341,Digital Logic and Computer Design
CS 4337,Organization of Programming Languages
CS 4332,Introduction to Programming Video Games
CS 4336,Advanced Java
CS 1337,Computer Science I
EE 4391,Technology of Plasma
EE 4203,Electrical and Computer Engineering Laboratory in Signals and Systems
EE 4202,Electrical and Computer Engineering Laboratory in Circuits
EE 4201,Electrical and Computer Engineering Laboratory in Computing Systems and Computer Engineering
EE 4168,RF/Microwave Laboratory
EE 3350,Communications Systems
EE 3320,Digital Circuits
EE 3311,Electronic Circuits
EE 3310,Electronic Devices
EE 4204,Electrical and Computer Engineering Laboratory in Devices
EE 3302,Signals and Systems
EE 3202,Electrical and Computer Engineering Fundamentals-II Laboratory
EE 3201,Electrical and Computer Engineering Fundamentals-I Laboratory
EE 3161,Social Issues and Ethics in Engineering
EE 3120,Digital Circuits Laboratory
EE 2310,Introduction to Digital Systems
EE 1202,Introduction to Electrical Engineering II
EE 1100,Introduction to Electrical and Computer Engineering
EE 4399,Senior Honors in Electrical Engineering
EE 3301,Electrical Network Analysis
EE 4205,Electrical and Computer Engineering Laboratory in Power Electronics and Energy Systems
EE 4389,Senior Design Project II
EE 4304,Computer Architecture
EE 4388,Senior Design Project I
EE 4371,Introduction to MEMS
EE 4370,Embedded Systems
EE 4368,RF Circuit Design Principles
EE 4301,Electromagnetic Engineering I
EE 4365,Introduction to Wireless Communication
EE 4363,Introduction to Power Electronics
EE 4362,Introduction to Energy Conversion
EE 4361,Introduction to Digital Signal Processing
EE 4360,Digital Communications
EE 4367,Telecommunication Networks
EE 4340,Analog Integrated Circuit Analysis and Design
EE 4331,Applied Machine Learning
EE 4330,Integrated Circuit Technology
EE 4325,Introduction to VLSI Design
EE 4V98,Undergraduate Research in Electrical Engineering
EE 4V97,Independent Study in Electrical Engineering
EE 4V95,Undergraduate Topics in Electrical Engineering
EE 4310,Systems and Controls
EE 4342,Introduction to Robotics
CE 3301,Electrical Network Analysis
CE 3202,Electrical and Computer Engineering Fundamentals-II Laboratory
CE 3201,Electrical and Computer Engineering Fundamentals-I Laboratory
CE 3161,Social Issues and Ethics in Engineering
CE 3120,Digital Circuits Laboratory
CE 1202,Introduction to Electrical Engineering II
CE 2305,Discrete Mathematics for Computing I
CE 1337,Computer Science I
CE 1100,Introduction to Electrical and Computer Engineering
CE 3303,Discrete-Time Signals and Systems
CE 2336,Computer Science II
CE 3310,Electronic Devices
CE 2310,Introduction to Digital Systems
CE 3320,Digital Circuits
CE 4V98,Undergraduate Research in Computer Engineering
CE 4V97,Independent Study in Computer Engineering
CE 4V95,Undergraduate Topics in Computer Engineering
CE 3311,Electronic Circuits
CE 4390,Computer Networks
CE 4389,Senior Design Project II
CE 4388,Senior Design Project I
CE 4370,Embedded Systems
CE 4348,Operating Systems Concepts
CE 4399,Senior Honors in Computer Engineering
CE 4304,Computer Architecture
CE 4202,Electrical and Computer Engineering Laboratory in Circuits
CE 4201,Electrical and Computer Engineering Laboratory in Computing Systems and Computer Engineering
CE 3354,Software Engineering
CE 3345,Data Structures and Introduction to Algorithmic Analysis
CE 4337,Organization of Programming Languages
CE 4203,Electrical and Computer Engineering Laboratory in Signals and Systems
CE 4204,Electrical and Computer Engineering Laboratory in Devices
CE 4205,Electrical and Computer Engineering Laboratory in Power Electronics and Energy Systems
SE 3354,Software Engineering
SE 3377,C/C++ Programming in a UNIX Environment
SE 4347,Database Systems
SE 4348,Operating Systems Concepts
SE 4351,Requirements Engineering
SE 3341,Probability and Statistics in Computer Science and Software Engineering
SE 4367,"Software Testing, Verification, Validation and Quality Assurance"
SE 3306,Mathematical Foundations of Software Engineering
SE 3162,Professional Responsibility in Computer Science and Software Engineering
SE 2V95,Individual Instruction in Software Engineering
SE 2340,Computer Architecture
SE 3345,Data Structures and Introduction to Algorithmic Analysis
SE 3V95,Undergraduate Topics in Software Engineering
SE 4352,Software Architecture and Design
SE 4376,Object-Oriented Design
SE 4381,Software Project Planning and Management
SE 4399,Senior Honors in Software Engineering
SE 4485,Software Engineering Project
SE 4V95,Undergraduate Topics in Software Engineering
SE 4V98,Undergraduate Research in Software Engineering
STAT 4V02,Independent Study in Statistics
ITSS 3100,Professional Development
ITSS 3200,Introduction to Business and Professional Development
ITSS 3300,Information Technology for Business
ITSS 3311,Introduction to Programming
ITSS 3312,Object-Oriented Programming
ITSS 3390,Web Design and Development for Business Applications
ITSS 4090,Information Technology and Systems Internship
ITSS 4300,Database Fundamentals
ITSS 4301,Database Systems
ITSS 4312,Mobile Web Application Development
ITSS 4320,Introduction to Healthcare Information Systems
ITSS 4342,Analysis and Design of Accounting Systems
ITSS 4343,Integrated SCM Information Systems
ITSS 4V95,Seminar Series in Information Systems
ITSS 4352,Introduction to Web Analytics
ITSS 4340,Enterprise Resource Planning
ITSS 4353,Business Analytics
ITSS 4354,Advanced Big Data Analytics
ITSS 4355,Data Visualization
ITSS 4360,Network and Information Security
ITSS 4361,Information Technology Cybersecurity
ITSS 4362,Cybersecurity Governance
ITSS 4370,Information Technology Infrastructure
ITSS 4380,Advanced Database Management
ITSS 4381,Object Oriented Programming with Python
ITSS 4395,Capstone Senior Project - Information Systems
ITSS 4V81,Individual Study in ITSS
ITSS 4V90,ITSS Internship
ITSS 4351,Foundations of Business Intelligence
ITSS 4330,Systems Analysis and Design
STAT 4V97,Undergraduate Topics in Statistics
STAT 3332,Statistics for Life Sciences
STAT 1342,Statistical Decision Making
STAT 2332,Introductory Statistics for Life Sciences
STAT 3341,Probability and Statistics in Computer Science and Software Engineering
STAT 3355,Data Analysis for Statisticians and Actuaries
STAT 3360,Probability and Statistics for Management and Economics
STAT 4351,Probability
STAT 4352,Mathematical Statistics
STAT 4355,Applied Linear Models
STAT 4354,Numerical and Statistical Computing
STAT 4382,Stochastic Processes
STAT 4475,Capstone Project
STAT 4360,Introduction to Statistical Learning
MATH 2417,Calculus I
MATH 2420,Differential Equations with Applications
MATH 2451,Multivariable Calculus with Applications
MATH 2V90,Topics in Mathematics - Level 2
MATH 3301,Mathematics for Elementary and Middle School Teachers
MATH 2312,Precalculus
MATH 3303,Introduction to Mathematical Modeling
MATH 3305,Foundations of Measurement and Informal Geometry
MATH 2418,Linear Algebra
MATH 2415,Calculus of Several Variables
MATH 2419,Calculus II
MATH 2413,Differential Calculus
MATH 2399,Research and Advanced Writing
MATH 2370,Introduction to Programming with MATLAB
MATH 3307,Mathematical Problem Solving for Teachers
MATH 1306,College Algebra for the Non-Scientist
MATH 1314,College Algebra
MATH 1316,Trigonometry
MATH 1325,Applied Calculus I
MATH 1326,Applied Calculus II
MATH 2306,Analytic Geometry
MATH 2414,Integral Calculus
MATH 3310,Theoretical Concepts of Calculus
MATH 2333,"Matrices, Vectors, and Their Application"
MATH 3312,Abstract Algebra II
MATH 4399,Senior Honors in Mathematics
MATH 4475,Capstone Project
MATH 4V03,Independent Study in Mathematics
MATH 4V91,Undergraduate Topics in Mathematics
MATH 3311,Abstract Algebra I
MATH 4381,Structure of Modern Geometry
MATH 4362,Partial Differential Equations
MATH 4355,Methods of Applied Mathematics
MATH 4341,Topology
MATH 4334,Numerical Analysis
MATH 4390,Senior Research and Advanced Writing
MATH 4302,Mathematical Analysis II
MATH 4301,Mathematical Analysis I
MATH 3397,Mathematical Problem Solving
MATH 3380,Differential Geometry
MATH 3315,Discrete Mathematics and Combinatorics
MATH 3379,Complex Variables
MATH 3321,Geometry
MATH 3323,Elementary Number Theory
MATH 4332,Scientific Math Computing
MATH 3351,Advanced Calculus
PHYS 2422,Honors Physics II - Electromagnetism and Waves
PHYS 1100,The Fun of Physics
PHYS 1301,College Physics I
PHYS 2126,Physics Laboratory II
PHYS 2125,Physics Laboratory I
PHYS 2303,Contemporary Physics
PHYS 2325,Mechanics
PHYS 2326,Electromagnetism and Waves
PHYS 3411,Theoretical Physics
PHYS 3380,Astronomy
PHYS 3312,Classical Mechanics
PHYS 1302,College Physics II
PHYS 3330,Numerical Methods in Physics and Computational Techniques
PHYS 4390,Senior Research
PHYS 4V10,Research Topics in Physics
PHYS 3416,Electricity and Magnetism
PHYS 3427,Electronics with Laboratory
PHYS 4301,Quantum Mechanics I
PHYS 4302,Quantum Mechanics II
PHYS 4311,Thermodynamics and Statistical Mechanics
PHYS 4319,Cyber-Physical Systems
PHYS 4328,Optics
PHYS 4352,Concepts of Modern Physics
PHYS 4371,Solid State Physics
PHYS 4373,Physical Measurements Laboratory
PHYS 4386,Elementary Particle Physics
PHYS 4392,Extragalactic Astrophysics
PHYS 4398,Senior Research Project for BA Degree
PHYS 4399,Senior Honors Research in Physics
PHYS 4V07,Senior Research Projects
PHYS 4V11,Topics in Physics
PHYS 2421,Honors Physics I - Mechanics and Heat
ACCT 2301,Introductory Financial Accounting
ACCT 4342,Analysis and Design of Accounting Systems
ACCT 4V80,Professional Internship in Accounting
ACCT 4V00,Special Topics
ACCT 4395,Capstone Senior Project - Accounting
ACCT 4340,Survey of Accounting Software
ACCT 4337,Business Valuation
ACCT 4336,Financial Statement Analysis
ACCT 4302,Accounting Research
ACCT 4301,Database Systems
ACCT 4334,Auditing
ACCT 3341,Cost Management Systems
ACCT 3332,Intermediate Financial Accounting II
ACCT 3331,Intermediate Financial Accounting I
ACCT 3322,Integrated Accounting Information Systems
ACCT 3200,Introduction to Business and Professional Development
ACCT 3101,Professional Program in Accounting Lyceum
ACCT 3100,Professional Development
ACCT 2302,Introductory Management Accounting
ACCT 3350,Fundamentals of Taxation
FIN 3330,Personal Financial Planning
FIN 3365,Real Estate Finance and Principles
FIN 3360,Entrepreneurial Finance
FIN 3350,Financial Markets and Institutions
FIN 3340,Regulation of Business and Financial Markets
FIN 3320,Business Finance
FIN 4V90,Individual Study in Finance
FIN 3300,Personal Finance
FIN 3200,Introduction to Business and Professional Development
FIN 3100,Professional Development
FIN 4V99,Special Topics in Finance
FIN 3370,Principles of Risk Management and Insurance
FIN 3305,Real Estate Principles
FIN 3375,"Life, Accident and Health Insurance"
FIN 4331,Business Liability Risk Management and Insurance
FIN 3390,Introduction to Financial Modeling
FIN 4321,Real Estate Law and Contracts
FIN 3380,International Financial Management
FIN 4328,Real Estate Valuation
FIN 4330,Estate Planning
FIN 4332,Commercial Property Risk Management and Insurance
FIN 4333,Enterprise Risk Management
FIN 4334,Insurance Law and Contracts
FIN 4335,Financial Aspects of Retirement and Employee Benefits
FIN 4337,Business Valuation
FIN 4338,Financial Decision Making Processes for Risk Management
FIN 4340,Options and Futures Markets
FIN 4345,Financial Information and Analysis
FIN 4350,Cases in Personal Financial Planning
FIN 4380,Domestic Fund Management
FIN 4386,Beginning Mathematical Finance
FIN 4336,Risk Control and Safety Engineering
FIN 4390,Seminar Series in Finance
FIN 4080,Practicum in Finance
FIN 4387,Computational Methods in Finance
FIN 3395,Financial Modeling and Valuation
FIN 4300,Investment Management
FIN 4303,Investment Strategies
FIN 4307,Private Equity
FIN 4310,Intermediate Financial Management
FIN 4305,Fixed Income Securities Analysis
FIN 4315,Behavioral Economics and Finance
FIN 4320,Management of Financial Institutions
FIN 4V80,Practicum in Finance
FIN 4399,Senior Honors in Finance
FIN 4395,Capstone Senior Project - Finance
FIN 4313,Energy Finance
PSY 4365,Psychology of Music
PSY 4352,Emerging Adulthood Development
PSY 4364,Attention and Memory
PSY 4362,Perception
PSY 4359,Cognitive Neuroscience
PSY 4347,Marriage and Family Psychology
PSY 4332,Psychology in the Workplace
PSY 4345,Violence in the Family
PSY 4344,Child Psychopathology
PSY 4343,Abnormal Psychology
PSY 4333,Human Relations
PSY 4331,Personality
PSY 4328,Health Psychology
PSY 4370,Industrial and Organizational Psychology
PSY 4346,Human Sexuality
PSY 4372,Forensic Psychology
PSY 4V91,Green Fellowship Directed Research
PSY 4374,Judgment and Decision Making
PSY 4V99,Individual Study
PSY 4V98,Directed Research
PSY 4V96,Teaching Internship
PSY 4V90,Special Topics in Psychology
PSY 4V75,Honors Seminar
PSY 4397,Thesis Research
PSY 4395,Co-op Fieldwork
PSY 4373,Psychological Assessment
PSY 4394,Internship in Psychology
PSY 4391,Individual Study and Writing
PSY 4390,Directed Research and Writing
PSY 4389,Developmental Cognitive Neuroscience
PSY 4386,Adult Development and Aging
PSY 4385,Neuropsychology
PSY 4378,Advanced Conflict Resolution: Family Mediation
PSY 4377,Conflict Resolution
PSY 4393,Language in Culture and Society
PSY 4325,Death and Dying
PSY 4327,Stress Management
PSY 4323,Cultural Diversity and Psychology
PSY 3338,Adolescence
PSY 3336,Infancy
PSY 3333,Approaches to Clinical Psychology
PSY 3332,Social and Personality Development
PSY 3331,Social Psychology
PSY 3324,Psychology of Gender
PSY 3339,Educational Psychology
PSY 3322,Psychology of Adjustment
PSY 3100,Careers in Psychology
PSY 2364,Animal Communication
PSY 2317,Statistics for Psychology
PSY 2314,Lifespan Development
PSY 2301,Introduction to Psychology
PSY 4324,The Psychology of Prejudice
PSY 3310,Child Development
PSY 3342,Exceptional Children
PSY 3356,The Creative Process
PSY 3351,Mass Communication and Behavior
PSY 3350,Psychology of Communication
PSY 4320,Psychology of Reasoning
PSY 4193,Internship Preparation
PSY 4099,Individual Study
PSY 3490,Accelerated Quantitative Methods
PSY 3393,Experimental Projects in Psychology
PSY 3392,Research Design and Analysis
PSY 4098,Directed Research
PSY 3366,Motivation and Achievement
PSY 3363,Evolution of Behavior
PSY 3362,Cognitive Development
PSY 3361,Cognitive Psychology
PSY 3360,Historical Perspectives on Psychology: Mind and Machines since 1600
PSY 3355,Psychology of Creativity
PSY 3370,Positive Psychology
CHEM 3471,Advanced Chemical Synthesis Laboratory
CHEM 3321,Physical Chemistry I
CHEM 3322,Physical Chemistry II
CHEM 3341,Inorganic Chemistry I
CHEM 3361,Biochemistry I
CHEM 3362,Biochemistry II
CHEM 3472,Instrumental Analysis
CHEM 4473,Physical Measurements Laboratory
CHEM 4335,Polymer Chemistry
CHEM 4355,Computational Modeling
CHEM 4381,Green Chemistry and Green Fuels
CHEM 4390,Research and Advanced Writing in Chemistry
CHEM 4399,Research and Advanced Writing in Chemistry for Honors Students
CHEM 2V01,Topics in Chemistry
CHEM 4V01,Topics in Chemistry
CHEM 4V91,Research in Chemistry
CHEM 3V92,Undergraduate Research in Biochemistry
CHEM 2401,Introductory Quantitative Methods in Chemistry
CHEM 1312,General Chemistry II
CHEM 1111,General Chemistry Laboratory I
CHEM 2323,Introductory Organic Chemistry I
CHEM 2324,Introductory Organic Chemistry for Engineers
CHEM 2325,Introductory Organic Chemistry II
CHEM 2328,Honors Organic Chemistry II
CHEM 2130,Introductory Organic Chemistry for Medical Science Laboratory
CHEM 2128,Honors Organic Chemistry Laboratory II
CHEM 2127,Honors Organic Chemistry Laboratory I
CHEM 2330,Introductory Organic Chemistry for Medical Science
CHEM 2125,Introductory Organic Chemistry Laboratory II
CHEM 1316,Honors Freshman Chemistry II
CHEM 1315,Honors Freshman Chemistry I
CHEM 1311,General Chemistry I
CHEM 1301,General Chemistry for Engineers
CHEM 1116,Honors Freshman Chemistry Laboratory II
CHEM 1115,Honors Freshman Chemistry Laboratory I
CHEM 1112,General Chemistry Laboratory II
CHEM 2123,Introductory Organic Chemistry Laboratory I
CHEM 2327,Honors Organic Chemistry I
ACTS 4301,Long Term Actuarial Mathematics I
ACTS 4302,Investment and Financial Markets I
ACTS 4303,Long Term Actuarial Mathematics II
ACTS 4304,Short Term Actuarial Mathematics I
ACTS 4305,Short Term Actuarial Mathematics II
ACTS 4306,Actuarial Probability as Problem Solving
ACTS 4307,Statistics for Risk Modeling
ACTS 4308,Actuarial Financial Mathematics
ACTS 4309,Investment and Financial Markets II
AHST 1303,Survey of Western Art History: Ancient to Medieval
AHST 1304,Survey of Western Art History: Renaissance to Modern
AHST 2331,Understanding Art
AHST 2V71,Independent Study in Art History
AHST 3313,Medieval Art and Architecture
AHST 3315,Renaissance Art and Architecture
AHST 3316,Baroque Art and Architecture
AHST 3317,Pioneers of Modern Art
AHST 3318,Contemporary Art
AHST 3319,Twentieth Century European Art: Avant-Garde and Aftermath
AHST 3320,Art in Historical Context
AHST 3321,Chinese Art History
AHST 3322,Modern Architecture
AHST 3324,History of Photography
AHST 4342,Topics in Art History
AHST 4V71,Independent Study in Art History
AMS 2300,American Popular Culture
AMS 2311,Social Change and Photography in America
AMS 2341,American Studies for the Twenty-First Century
AMS 2390,Topics in American Studies
AMS 3302,American Cultures
AMS 3316,Interpersonal Communication
AMS 3322,American Ethnic Experience: Immigrants After 1945
AMS 3327,"American Studies: Histories, Theories, Methodologies"
AMS 3350,Crisis Communication
AMS 3374,Entrepreneurs in America
AMS 4300,Oral and Written Communication for the Classroom
AMS 4304,Communication in America
AMS 4305,World History for Teachers
AMS 4324,Motherhood and the Technological Womb
AMS 4327,The Culture of Bullying in America
AMS 4360,Rebels and Reformers: Women and Alcohol in America
AMS 4379,Special Topics in American Studies
AMS 4381,Senior Honors in American Studies
AMS 4385,Professional Communications in Business
AMS 4V80,Independent Study
ARAB 1311,Beginning Arabic I
ARAB 1312,Beginning Arabic II
ARAB 2311,Intermediate Arabic I
ARAB 2312,Intermediate Arabic II
ARHM 1100,First Year Seminar
ARHM 2340,Creativity
ARHM 2342,Connections in the Arts and Humanities
ARHM 2343,Science and the Humanities
ARHM 2344,World Cultures
ARHM 2V71,Independent Study in the Arts and Humanities
ARHM 3100,Topics in Values and Science
ARHM 3342,Advanced Interdisciplinary Studies in the Arts and Humanities
ARHM 4V71,Independent Study in the Arts and Humanities
ARHM 4V99,"Art, Humanities, and Culture"
ARTS 1301,Exploration of the Arts
ARTS 1316,Drawing Foundations
ARTS 2315,Topics in Visual Art
ARTS 2316,Painting Foundations
ARTS 2350,Photography: Design
ARTS 2380,Visual Design Foundations
ARTS 2381,Introduction to Sculpture
ARTS 2V71,Independent Study in Visual Arts
ARTS 3311,Contemporary Art Practices
ARTS 3313,Intermediate Visual Design
ARTS 3315,"The Art of Tinkering: Creating at the intersection of Art, Science and Technology"
ARTS 3340,Topics in Studio Art
ARTS 3341,Chinese Calligraphy
ARTS 3363,"Typography, Technology, Image"
ARTS 3364,Silkscreen Printmaking
ARTS 3366,Intermediate Drawing
ARTS 3367,Figure Drawing
ARTS 3368,Mixed Media
ARTS 3369,Intermediate Painting
ARTS 3371,Photography: Black/White
ARTS 3372,Photography: Color Concepts
ARTS 3373,Printmaking
ARTS 3375,Sculpture
ARTS 3376,Time-Based Art
ARTS 3377,Photography: Altered Image
ARTS 3378,Figure Sculpture
ARTS 3379,Photography: New Media
ARTS 3381,Video Painting
ARTS 3382,Color as Subject
ARTS 4305,The Art of Graphic Design
ARTS 4308,Image/Text
ARTS 4310,Studies in Contemporary Exhibitions
ARTS 4366,Advanced Drawing
ARTS 4368,Advanced Visual Arts
ARTS 4369,Advanced Painting
ARTS 4372,Advanced Photography
ARTS 4V71,Independent Study in Visual Arts
ATCM 1100,First Year Seminar
ATCM 2300,Introduction to TechnoCulture
ATCM 2301,Computer Imaging
ATCM 2302,Design I
ATCM 2303,"Project Management for Arts, Technology, and Emerging Communication I"
ATCM 2310,Animation and Game Fundamentals
ATCM 2315,Animation Origins and Techniques
ATCM 2320,Critical Media Research Foundations
ATCM 2321,Reading Media Critically
ATCM 2322,Media Histories
ATCM 2330,Digital Art and Social Practice
ATCM 2335,Internet Studio I
ATCM 2340,Visual Communication
ATCM 2343,Emerging Media Art Histories
ATCM 2345,Principles of Digital Audio
ATCM 2350,Time-Based Media
ATCM 2355,Survey of Digital Fabrication
ATCM 2360,Design Histories
ATCM 2375,History of Games
ATCM 2380,Introduction to Emerging Communication
ATCM 3300,Code Plus Culture
ATCM 3301,Writing for ATEC
ATCM 3303,"Project Management for Arts, Technology, and Emerging Communication II"
ATCM 3304,Character Design
ATCM 3305,Computer Animation I
ATCM 3306,Modeling and Texturing I
ATCM 3307,Lighting and Composition I
ATCM 3308,Rigging I
ATCM 3309,Visual Story I
ATCM 3310,Procedural Animation
ATCM 3311,Scripting for Animation
ATCM 3312,Surfacing and Shading I
ATCM 3313,2D Animation
ATCM 3315,Animation Studies
ATCM 3320,Critical Media Theories
ATCM 3321,Networked Identities
ATCM 3323,Reading in a Networked Era
ATCM 3325,Global Media Cultures
ATCM 3330,Digital Art and Social Practice
ATCM 3331,Critical Making
ATCM 3335,Internet Studio II
ATCM 3336,Design Research Methods
ATCM 3337,Interaction Design I
ATCM 3338,Motion Graphics I
ATCM 3340,Design II
ATCM 3345,Audio Technologies
ATCM 3346,Audio Productions Lab I
ATCM 3350,Digital Video Production I
ATCM 3355,Computer Modeling for Digital Fabrication
ATCM 3356,Projection Mapping Lab
ATCM 3357,Digital Fabrication Lab I
ATCM 3365,Game Design I
ATCM 3366,Game Studies I
ATCM 3367,Level Design I
ATCM 3368,Scripting for Games I
ATCM 3369,Games and Narrative I
ATCM 3370,Virtual Environments I
ATCM 3371,User Experience Design for Games
ATCM 3372,Sound Design for Games
ATCM 3375,Game Systems Design
ATCM 3380,Media Psychology
ATCM 3381,Media and Communication Research Methods
ATCM 3382,Communicating Research
ATCM 3385,Social Networks
ATCM 3388,Attitudes and Behaviors
ATCM 3395,"Topics in Arts, Technology, and Emerging Communication"
ATCM 4304,World Building
ATCM 4305,Computer Animation II
ATCM 4306,Modeling and Texturing II
ATCM 4307,Lighting and Composition II
ATCM 4308,Rigging II
ATCM 4309,Pre-Production Design II
ATCM 4310,Motion Capture Animation
ATCM 4311,Experimental Lab
ATCM 4312,Digital Sculpting
ATCM 4313,Visual Effects
ATCM 4314,Character Effects
ATCM 4315,Computer Animation III
ATCM 4316,Animation Lab I
ATCM 4317,Animation Lab II
ATCM 4318,Motion Capture Lab
ATCM 4319,Topics in Animation
ATCM 4320,Political Economy of Digital Media
ATCM 4322,"Disability, Technology, and Media"
ATCM 4323,"Feminism, Technology, and Media"
ATCM 4325,"Race, Technology, and Media"
ATCM 4326,Mediated Textuality
ATCM 4327,Privacy and Surveillance
ATCM 4330,Culture Jamming
ATCM 4332,Critical Media Studies Lab I
ATCM 4333,Critical Media Studies Lab II
ATCM 4334,Topics in Critical Media Studies
ATCM 4337,Interaction Design II
ATCM 4338,Motion Graphics II
ATCM 4340,Strategic Design
ATCM 4345,Digital Audio Processing
ATCM 4346,Audio Productions Lab II
ATCM 4350,Digital Video Production II
ATCM 4357,Digital Fabrication Lab II
ATCM 4364,Topics in Design and Production
ATCM 4365,Game Design II
ATCM 4366,Game Studies II
ATCM 4367,Level Design II
ATCM 4368,Scripting for Games II
ATCM 4370,Virtual Environments II
ATCM 4373,Animation for Games
ATCM 4374,Interactives Lab
ATCM 4375,Game Design III
ATCM 4376,Game Production Lab I
ATCM 4377,Game Production Lab II
ATCM 4379,Topics in Games
ATCM 4380,"Communication, Media, and Information Technology"
ATCM 4384,"Ethics in New Media, Technology, and Communication"
ATCM 4385,Children and Media
ATCM 4386,Journalism in the Networked Age
ATCM 4388,Political Communication
ATCM 4395,"Advanced Topics in Arts, Technology, and Emerging Media"
ATCM 4397,Senior Seminar
ATCM 4398,Capstone Project
ATCM 4399,"Senior Honors in Arts, Technology, and Emerging Communication"
ATCM 4V96,"Independent Study in Arts, Technology, and Emerging Communication"
BA 1100,Business Basics
BA 1310,Making Choices in Free Market Systems
BA 1320,Business in a Global World
BA 3100,Professional Development
BA 3200,Introduction to Business and Professional Development
BA 3300,Advanced Topics in Capitalism: Ideas and Challenges That Shape Our World
BA 4010,ENACTUS Participation
BA 4070,Conference Attendance US
BA 4071,Conference Attendance International
BA 4072,Conference Presentation US
BA 4073,Conference Presentation International
BA 4074,Student Leadership and Mentoring
BA 4080,Participation in Internal Competition
BA 4081,Participation in Local Competition
BA 4082,Participation in Regional Competition
BA 4083,Participation in National Competition
BA 4090,Management Internship
BA 4095,Social Sector Engagement and Community Outreach Practicum
BA 4101,Careers in Management
BA 4V00,Special Topics
BA 4V10,ENACTUS Service
BA 4V90,Management Internship
BBSU 1100,First Year Seminar
BBSU 3310,Community-Based Service Learning
BCOM 1300,Introduction to Professionalism and Communication in Business
BCOM 3100,Professional Development
BCOM 3200,Introduction to Business and Professional Development
BCOM 3300,Professionalism and Communication in Business
BCOM 3310,Business Communication
BCOM 4300,Managing Communications in Business
BCOM 4310,Strategic Business Communications
BCOM 4350,Advanced Business Communication
BIOL 1300,Body Systems with Lab
BIOL 1318,Human Genetics
BIOL 1350,Body Systems
BIOL 1V00,Topics in Biological Sciences
BIOL 1V01,Topics in Biological Sciences with Lab
BIOL 1V95,Individual Instruction in Biology
BIOL 2111,Introduction to Modern Biology Workshop I
BIOL 2112,Introduction to Modern Biology Workshop II
BIOL 2281,Introductory Biology Laboratory
BIOL 2311,Introduction to Modern Biology I
BIOL 2312,Introduction to Modern Biology II
BIOL 2350,Biological Basis of Health and Disease
BIOL 2V00,Topics in Biological Sciences
BIOL 2V01,Topics in Biological Sciences with Lab
BIOL 2V95,Individual Instruction in Biology
BIOL 3101,Classical and Molecular Genetics Workshop
BIOL 3102,Eukaryotic Molecular and Cell Biology Workshop
BIOL 3161,Biochemistry Workshop I
BIOL 3162,Biochemistry Workshop II
BIOL 3301,Classical and Molecular Genetics
BIOL 3302,Eukaryotic Molecular and Cell Biology
BIOL 3303,Introduction to Microbiology
BIOL 3305,Evolutionary Analysis
BIOL 3312,Introduction to Programming for Biological Sciences
BIOL 3315,Epigenetics
BIOL 3318,Forensic Biology
BIOL 3320,Applied Genetics
BIOL 3335,Microbial Physiology
BIOL 3336,Protein and Nucleic Acid Structure
BIOL 3351,Medical Cell Biology
BIOL 3355,Clinical Pathophysiology
BIOL 3357,Mammalian Physiology with Lab
BIOL 3361,Biochemistry I
BIOL 3362,Biochemistry II
BIOL 3370,Exercise Physiology
BIOL 3380,Biochemistry Laboratory
BIOL 3385,Medical Histology
BIOL 3388,Honey Bee Biology
BIOL 3455,Human Anatomy and Physiology with Lab I
BIOL 3456,Human Anatomy and Physiology with Lab II
BIOL 3520,General Microbiology with Lab
BIOL 3V00,Topics in Biological Sciences
BIOL 3V01,Topics in Biological Sciences with Lab
BIOL 3V15,Research Practicum for UT-PACT
BIOL 3V40,Topics in Molecular and Cell Biology
BIOL 3V81,Clinical Medicine I
BIOL 3V82,Clinical Medicine II
BIOL 3V83,Clinical Medicine III
BIOL 3V84,Clinical Medicine IV
BIOL 3V90,Undergraduate Readings in Biology
BIOL 3V91,Undergraduate Research in Biology
BIOL 3V93,Undergraduate Research in Biochemistry
BIOL 3V94,Topics in Biology: Individual Instruction
BIOL 3V96,Undergraduate Research in Molecular and Cell Biology
BIOL 4302,TA Apprenticeship
BIOL 4305,Molecular Evolution
BIOL 4310,Cellular Microbiology
BIOL 4315,"Genes, Disease and Therapeutics"
BIOL 4317,Cellular and Molecular Medicine of Human Diseases
BIOL 4320,Cell Migration in Health and Disease
BIOL 4325,Nutrition and Metabolism
BIOL 4330,Advanced Research in Molecular and Cell Biology
BIOL 4337,Seminal Papers in Biology
BIOL 4341,Genomics
BIOL 4345,Immunobiology
BIOL 4350,Medical Microbiology
BIOL 4353,Molecular Biology of HIV/AIDS
BIOL 4356,Molecular Neuropathology
BIOL 4357,Molecular Neuropathology II
BIOL 4360,Evolution and Development
BIOL 4365,Advanced Human Physiology
BIOL 4366,Molecular Biology of Cancer
BIOL 4371,General and Molecular Virology
BIOL 4380,Cell and Molecular Biology Laboratory
BIOL 4385,Oral Histology and Embryology
BIOL 4390,Senior Readings in Molecular and Cell Biology
BIOL 4391,Senior Research in Molecular and Cell Biology
BIOL 4399,Senior Honors Research for Thesis in Molecular and Cell Biology
BIOL 4461,Biophysical Chemistry
BIOL 4V00,Special Topics in Biology
BIOL 4V01,Topics in Biological Sciences with Lab
BIOL 4V40,Special Topics in Molecular and Cell Biology
BIOL 4V95,Advanced Topics in Biology
BIOL 4V99,Senior Honors Research in Molecular and Cell Biology
BIS 1100,Interdisciplinary Studies Freshman Seminar
BIS 2190,Library Research Skills
BIS 2V90,Topics in Interdisciplinary Studies
BIS 3320,The Nature of Intellectual Inquiry
BIS 3V03,Educational Issues
BIS 4303,Senior Honors in Interdisciplinary Studies
BIS 4306,Strategies for Diversity in Education
BIS 4310,Co-op Education
BIS 4V01,Special Topics
BIS 4V02,Independent Study
BIS 4V04,Internship
BLAW 2301,Business and Public Law
BLAW 3301,Employment Law
BLAW 4301,International Law
BLAW 4305,Introduction to Patent Law
BLAW 4310,Current Issues in Business and Law
BMEN 1100,Introduction to Bioengineering I
BMEN 1208,Introduction to Bioengineering II
BMEN 2320,Statics
BMEN 2V99,Topics in Biomedical Engineering
BMEN 3110,Biomedical Transport Processes Laboratory
BMEN 3120,Biomedical Circuits and Instrumentation Laboratory
BMEN 3130,Engineering Physiology Laboratory
BMEN 3150,Biomedical Engineering Laboratory
BMEN 3170,Digital Circuits Laboratory
BMEN 3200,Biomedical Engineering Fundamentals and Design
BMEN 3220,Electrical and Electronic Circuits in Biomedical Engineering Lab
BMEN 3302,Bioengineering Signals and Systems
BMEN 3310,Fluid Mechanics and Transport Processes in Biomedical Engineering
BMEN 3315,Thermodynamics and Physical Chemistry in Biomedical Engineering
BMEN 3318,Introduction to Engineered Biomaterials
BMEN 3320,Electrical and Electronic Circuits in Biomedical Engineering
BMEN 3325,Advanced Computational Tools for Biomedical Engineering
BMEN 3330,Engineering Physiology of the Human Body
BMEN 3331,Cell and Molecular Engineering
BMEN 3332,Quantitative Physiology for Engineers
BMEN 3350,Biomedical Component and System Design
BMEN 3360,Thermodynamics
BMEN 3370,Digital Circuits
BMEN 3380,Medical Imaging Systems and Methods
BMEN 3399,Introductory Biomechanics
BMEN 3402,Signals and Systems for Biomedical Engineering
BMEN 3V99,Topics in Biomedical Engineering
BMEN 4110,Biomedical Feedback Systems Laboratory
BMEN 4301,Introduction to Medical Device Development
BMEN 4310,Feedback Systems in Biomedical Engineering
BMEN 4320,Intermediate Electrical Systems
BMEN 4342,Introduction to Robotics
BMEN 4350,Applied Sensor Technology
BMEN 4355,Finite Element Analysis in Biomedical Engineering
BMEN 4360,Biomaterials and Medical Devices
BMEN 4370,Biomedical Image Processing
BMEN 4375,Biomedical Engineering Data Analysis
BMEN 4388,Senior Design Project I
BMEN 4389,Senior Design Project II
BMEN 4399,Senior Honors in Biomedical Engineering
BMEN 4V95,Undergraduate Topics in Biomedical Engineering
BMEN 4V97,Independent Study in Biomedical Engineering
BMEN 4V98,Engineering Practicum
BPS 4305,Strategic Management
BPS 4307,"Corporations, Politics and Society"
BPS 4395,Capstone Senior Project - Business
CGS 2301,Cognitive Science
CGS 3325,Historical Perspectives on Psychology: Mind and Machines since 1600
CGS 3340,Experimental Projects in Cognitive Science
CGS 3342,Cognitive and Neural Modeling Laboratory
CGS 3361,Cognitive Psychology
CGS 4193,Internship Preparation
CGS 4314,Intelligent Systems Analysis
CGS 4315,Intelligent Systems Design
CGS 4320,Psychology of Reasoning
CGS 4352,Human Computer Interactions I
CGS 4353,Human Computer Interactions II
CGS 4359,Cognitive Neuroscience
CGS 4362,Perception
CGS 4364,Attention and Memory
CGS 4385,Neuropsychology
CGS 4386,Adult Development and Aging
CGS 4389,Developmental Cognitive Neuroscience
CGS 4390,Directed Research and Writing
CGS 4391,Writing and Independent Study
CGS 4394,Internship in Cognitive Science
CGS 4395,Co-op Fieldwork
CGS 4397,Thesis Research
CGS 4V75,Honors Seminar
CGS 4V90,Special Topics in Cognitive Science
CGS 4V96,Teaching Internship
CGS 4V98,Directed Research
CGS 4V99,Individual Study
CHIN 1311,Beginning Chinese I
CHIN 1312,Beginning Chinese II
CHIN 2311,Intermediate Chinese I
CHIN 2312,Intermediate Chinese II
CHIN 2350,Business Chinese
CHIN 3330,Medical Chinese
CHIN 3365,Advanced Chinese I
CHIN 4301,Advanced Chinese Conversation
CHIN 4364,Advanced Chinese Culture
CLDP 2314,Lifespan Development
CLDP 3303,Normal Language Development
CLDP 3305,Language and Literacy Development
CLDP 3310,Child Development
CLDP 3332,Social and Personality Development
CLDP 3336,Infancy
CLDP 3338,Adolescence
CLDP 3339,Educational Psychology
CLDP 3342,Exceptional Children
CLDP 3343,Children in a Changing World
CLDP 3362,Cognitive Development
CLDP 3365,Child Learning
CLDP 3366,Motivation and Achievement
CLDP 3394,Research and Evaluation Methods
CLDP 3494,Research and Evaluation Methods
CLDP 4193,Internship Preparation
CLDP 4308,Language Disorders in Children
CLDP 4344,Child Psychopathology
CLDP 4345,Violence in the Family
CLDP 4347,Marriage and Family Psychology
CLDP 4389,Developmental Cognitive Neuroscience
CLDP 4390,Directed Research and Writing
CLDP 4391,Individual Study and Writing
CLDP 4394,Internship
CLDP 4395,Co-op Fieldwork
CLDP 4397,Thesis Research
CLDP 4V75,Honors Seminar
CLDP 4V90,Special Topics in Child Learning and Development
CLDP 4V96,Teaching Internship
CLDP 4V98,Directed Research
CLDP 4V99,Individual Study
COMM 1311,Survey of Oral and Technology-based Communication
COMM 1315,Public Speaking
COMM 1320,Interpersonal Communication
COMM 2314,Oral Interpretation
COMM 2317,Topics in Communication
COMM 2V71,Independent Study in Communications
COMM 3320,Readers' Theater
COMM 3321,Advanced Public Speaking
COMM 3340,Small Group Communication
COMM 3342,Advanced Topics in Communication
COMM 3350,Intercultural Communication
COMM 3351,History and Theory of Communication
COMM 3352,Media and Culture
COMM 4305,Communications Law
COMM 4314,Persuasion and Interpersonal Influence
COMM 4360,Communication Ethics
COMM 4370,Communication and Leadership
COMM 4371,Communication and Professionalism
COMM 4375,Professional Communication in Medicine
COMM 4V71,Advanced Independent Study in Communication
CRIM 1301,Introduction to Criminal Justice
CRIM 1307,Introduction to Crime and Criminology
CRIM 2306,Criminal Law
CRIM 2308,Juvenile Law
CRIM 2313,Police and Society
CRIM 2316,Corrections
CRIM 2317,Criminal Prosecution and Court Process
CRIM 3300,Crime and Civil Liberties
CRIM 3301,Theories of Justice
CRIM 3302,Advanced Criminology
CRIM 3303,Advanced Criminal Justice
CRIM 3304,Research Methods in Crime and Justice Studies
CRIM 3307,Immigration and Crime
CRIM 3309,Media and Crime
CRIM 3310,Youth Crime and Justice
CRIM 3311,"American Crime: Truths, Half-Truths, and Lies"
CRIM 3312,Drugs and Crime
CRIM 3319,Comparative Justice Systems
CRIM 3320,Homicide and Capital Punishment
CRIM 3323,Violence and Gun Control
CRIM 3324,"Gender, Crime, and Justice"
CRIM 3325,Victimology
CRIM 3326,Victimless Crimes
CRIM 3327,Violent Crime
CRIM 4311,Crime and Justice Policy
CRIM 4315,"Race, Ethnicity, and Justice"
CRIM 4322,Senior Research Seminar
CRIM 4323,Communities and Crime
CRIM 4324,White Collar Crime
CRIM 4336,Introduction to Terrorism
CRIM 4337,Landmark Supreme Court Cases
CRIM 4396,Selected Topics in Criminology
CRIM 4V97,Independent Study in Criminology
CRIM 4V98,Internship in Criminology
CRIM 4V99,Senior Honors in Criminology
CRWT 2301,Introduction to Creative Writing
CRWT 2V71,Independent Study in Creative Writing
CRWT 3306,Fiction Workshop
CRWT 3308,Nonfiction Workshop
CRWT 3330,Translation Workshop
CRWT 3351,Poetry Workshop
CRWT 3354,Screenwriting
CRWT 4307,Advanced Fiction Workshop
CRWT 4353,Advanced Poetry Workshop
CRWT 4V71,Independent Study in Creative Writing
DANC 1305,Introduction to World Dance Forms
DANC 1310,Understanding Dance
DANC 2311,Topics in Dance
DANC 2321,"Stretch, Conditioning, Alignment"
DANC 2331,Dance Technique 1
DANC 2332,Modern Dance 1
DANC 2333,Jazz Dance 1
DANC 2334,Ballet 1
DANC 2336,Tap Dance 1
DANC 2V71,Independent Study in Dance
DANC 3332,Dance Technique 2
DANC 3333,Modern Dance 2
DANC 3334,Jazz Dance 2
DANC 3335,Ballet 2
DANC 3336,Latin Social Dance
DANC 3340,Dance in Historical Context
DANC 3342,Advanced Topics in Dance
DANC 3345,Dance Performance
DANC 3347,Dance Composition
DANC 4313,Dance Technique 3
DANC 4314,Modern Dance 3
DANC 4315,Ballet 3
DANC 4316,Jazz Dance 3
DANC 4317,Dance Performance 2
DANC 4318,Dance Technique 4
DANC 4V71,Independent Study in Dance
ECON 2001,Principles of Macroeconomics: Recitation
ECON 2301,Principles of Macroeconomics
ECON 2302,Principles of Microeconomics
ECON 3310,Intermediate Microeconomic Theory
ECON 3311,Intermediate Macroeconomic Theory
ECON 3312,Money and Banking
ECON 3315,Sports Economics
ECON 3330,Economics of Health
ECON 3332,Economic Geography
ECON 3336,Economics of Education
ECON 3337,Economics of Poverty and Inequality
ECON 3369,Political Economy of Terrorism
ECON 3381,Economic History
ECON 4301,Game Theory
ECON 4302,Urban and Regional Economics
ECON 4310,Managerial Economics
ECON 4320,Public Sector Economics
ECON 4330,Law and Economics
ECON 4332,Energy and Natural Resources Economics
ECON 4333,Environmental Economics
ECON 4334,Experimental Economics
ECON 4336,Environmental Economic Theory and Policy
ECON 4340,Labor Economics and Human Resources
ECON 4342,Public Policies Toward Business
ECON 4345,Industrial Organization
ECON 4346,"Technology, Economy, and Society"
ECON 4348,Business and Technology
ECON 4351,Mathematical Economics
ECON 4355,Econometrics
ECON 4360,International Trade
ECON 4362,Development Economics
ECON 4381,History of Economic Ideas
ECON 4382,International Finance
ECON 4385,Business and Economic Forecasting
ECON 4396,Selected Topics in Economics
ECON 4V97,Independent Study in Economics
ECON 4V98,Internship
ECON 4V99,Senior Honors in Economics
ECSC 3177,CS IPP Assignment
ECSC 3179,ENG IPP Assignment
ECSC 4300,Student Apprenticeship and Mentoring
ECSC 4378,Professional Industrial Practice Program
ED 3314,The American Public School
ED 3315,Children's Literature
ED 3339,Educational Psychology for Teachers
ED 3340,Math Concepts for Teachers
ED 3342,Classroom Management Grades EC - 6
ED 3345,"Art, Music, and Physical Development Grades EC - 6"
ED 3370,Curriculum and Instruction in Mathematics and Computer Science
ED 3371,Curriculum and Instruction in the Natural Sciences
ED 3380,Curriculum and Instruction in English
ED 3382,Curriculum and Instruction in Social Studies
ED 4343,Science Methods for Grades EC - 6
ED 4344,Mathematics Methods for Elementary Teachers
ED 4345,Social Studies Methods for Grades EC - 6
ED 4351,ESL for K-12 Teachers
ED 4352,Reading I: Learning to Read
ED 4353,Reading in Secondary Content
ED 4357,Diagnostic Reading
ED 4358,Chess I: Using Chess in Schools
ED 4359,Chess II: Institutional and Cultural Contexts of Chess
ED 4361,Classroom Management Secondary
ED 4363,Reading II/ELAR Methods
ED 4372,Educational Technology
ED 4693,Student Teaching - Elementary
ED 4694,Student Teaching Secondary
ED 4V90,Independent Study in Education
ED 4V95,Special Topics in Education
ENGY 3300,Introduction to Energy Technology
ENGY 3301,"Managing Carbon Assets: Oil, Gas, and Coal"
ENGY 3302,Managing Power and Renewable Energy Assets; Sustainability
ENGY 3330,Energy Economics
ENGY 3340,Energy Law and Contracts
ENGY 4300,Energy Land Management
ENGY 4313,Energy Finance
ENTP 3301,Innovation and Entrepreneurship
ENTP 3320,Start-up Launch I
ENTP 3321,Start-up Launch II
ENTP 3360,Entrepreneurial Finance
ENTP 4090,Innovation and Entrepreneurship Internship
ENTP 4311,Entrepreneurial Strategy and Business Models
ENTP 4320,Small Business Management
ENTP 4330,Entrepreneurial Marketing
ENTP 4331,Digital Prospecting
ENTP 4335,Digital and Internet Marketing
ENTP 4340,Social Sector Entrepreneurship and Community Engagement
ENTP 4350,Corporate Entrepreneurship
ENTP 4360,Innovation and Creativity
ENTP 4395,Capstone Senior Project - Entrepreneurship
ENTP 4V00,Special Topics in Entrepreneurship
ENTP 4V90,Innovation and Entrepreneurship Internship
ENVR 2302,The Global Environment
EPCS 2100,Engineering Project in Community Service
EPCS 2200,Engineering Projects in Community Service
EPCS 3100,Engineering Project in Community Service II
EPCS 3200,Engineering Projects in Community Service II
EPPS 1110,Critical Issues in the Social Sciences
EPPS 2301,Research Design in the Social and Policy Sciences
EPPS 2302,Methods of Quantitative Analysis in the Social and Policy Sciences
EPPS 2305,Spatial Thinking and Data Analytics
EPPS 3301,"Special Topics In Economic, Political and Policy Sciences"
EPPS 3310,Community-Based Service Learning
FILM 1303,Transnational Film and Video
FILM 2332,Understanding Film
FILM 2V71,Independent Study in Film
FILM 3321,Film in Historical Context
FILM 3325,Film Authorship
FILM 3342,Topics in Film
FILM 4V71,Independent Study in Film
FREN 1311,Beginning French I
FREN 1312,Beginning French II
FREN 2311,Intermediate French I
FREN 2312,Intermediate French II
GEOG 2302,The Global Environment
GEOG 2303,People and Place: An Introduction to World Geographic Regions
GEOG 3304,Principles of Geospatial Information Sciences
GEOG 3331,Urban Growth and Structure
GEOG 3357,Spatial Dimensions of Health and Disease
GEOG 3359,Human Migration and Mobility: Global Patterns
GEOG 3370,The Global Economy
GEOG 3372,Population and Development
GEOG 3377,Urban Planning and Policy
GEOG 3382,"Russia: Yesterday, Today, and Tomorrow"
GEOG 4309,Urban Development
GEOG 4380,Spatial Concepts and Organization
GEOG 4396,Selected Topics in Geography
GEOG 4V97,Independent Study in Geography
GEOS 1103,Physical Geology Laboratory
GEOS 1104,History of Earth and Life Laboratory
GEOS 1303,Physical Geology
GEOS 1304,History of Earth and Life
GEOS 2302,The Global Environment
GEOS 2305,Spatial Thinking and Data Analytics
GEOS 2306,Essentials of Field Geologic Methods
GEOS 2310,Environmental Geology
GEOS 2321,"Geology, Resources, and Environment of Latin America"
GEOS 2324,"Energy, the Environment and Human Health"
GEOS 2328,Geologic Time: An Historical Perspective
GEOS 2332,Age of Dinosaurs
GEOS 2333,Introduction to Fossils
GEOS 2409,Rocks and Minerals
GEOS 2V08,Special Topics in Geology or Geophysics I
GEOS 3122,Coal in Our Society
GEOS 3124,"Energy, the Environment and Human Health"
GEOS 3300,Field Geology I
GEOS 3304,Principles of Geospatial Information Sciences
GEOS 3421,Stratigraphy and Sedimentology
GEOS 3434,Paleobiology
GEOS 3464,Igneous and Metamorphic Petrology
GEOS 3470,Structural Geology
GEOS 4300,Field Geology II
GEOS 4320,The Physics and Chemistry of the Solid Earth
GEOS 4322,The Earth System
GEOS 4325,Introduction to Remote Sensing
GEOS 4369,Volcanic Successions
GEOS 4390,Communication in the Geosciences
GEOS 4391,Geoscience Animations and Video
GEOS 4399,Senior Honors in Geosciences
GEOS 4430,Hydrogeology and Aqueous Geochemistry
GEOS 4V08,Special Topics in Geology or Geophysics II
GEOS 4V09,Senior Research in Geology
GEOS 4V80,Senior Research in Geophysics
GERM 1311,Beginning German I
GERM 1312,Beginning German II
GERM 2311,Intermediate German I
GERM 2312,Intermediate German II
GERM 2350,Business German
GISC 2302,Geodesy and Geospatial Analysis
GISC 2305,Spatial Thinking and Data Analytics
GISC 3304,Principles of Geospatial Information Sciences
GISC 4310,Environmental and Health Policy in East Asia
GISC 4317,GeoComputation
GISC 4325,Introduction to Remote Sensing
GISC 4326,Cartography and GeoVisualization
GISC 4363,Internet Mapping and Information Processing
GISC 4380,Spatial Concepts and Organization
GISC 4381,Spatial Data Science
GISC 4382,Applied Geographic Information Systems
GISC 4384,Health and Environmental GIS: A Global Perspective
GISC 4385,Advanced Applications in GIS
GISC 4386,Global Change and Its Challenges
GISC 4V96,Special Topics in Geospatial Information Science
GISC 4V97,Independent Study in Geospatial Information Science
GISC 4V98,Internship
GOVT 2107,Federal and Texas Constitutions
GOVT 2305,American National Government
GOVT 2306,State and Local Government
GST 2300,Introduction to Gender Studies
GST 2311,Social Change and Photography in America
GST 2V90,Topics in Gender Studies
GST 3301,Psychology of Gender
GST 3302,Gender in Western Thought
GST 3303,"Gender, Society and Politics"
GST 4325,Motherhood and the Technological Womb
GST 4360,Rebels and Reformers: Women and Alcohol in America
GST 4379,Special Topics in Gender Studies
GST 4380,"Women, Work and Family"
GST 4381,Senior Honors Research
GST 4382,Senior Honors in Gender Studies
GST 4V80,Independent Study
HIST 1301,U.S. History Survey to Civil War
HIST 1302,U.S. History Survey from Civil War
HIST 2301,History of Texas
HIST 2330,Themes and Ideas in American History
HIST 2340,Middle East Civilizations
HIST 2341,East Asian Civilizations
HIST 2350,Latin American Civilizations
HIST 2370,The Holocaust
HIST 2381,African-American History
HIST 2384,U.S. Women from Settlement to Present
HIST 2V71,Independent Study in Historical Studies
HIST 3301,Historical Inquiry
HIST 3302,Gender in Western Thought
HIST 3305,War and Genocide in the 20th Century
HIST 3306,History of Racism
HIST 3312,Early China
HIST 3313,Medieval China
HIST 3314,Tang Dynasty China
HIST 3319,Early Modern Europe
HIST 3320,Modern Europe
HIST 3324,Women in Modern European Society
HIST 3327,Perspectives on Science
HIST 3328,History and Philosophy of Science and Medicine
HIST 3337,Technology and Western Civilization
HIST 3340,US South through the Civil War
HIST 3341,US South since the Civil War
HIST 3344,History of Science in Europe
HIST 3346,Medieval Islamic World
HIST 3364,History of American Religion
HIST 3365,The American West
HIST 3366,Themes in the Social History of the United States
HIST 3368,North American Environmental History
HIST 3369,United States Foreign Relations
HIST 3374,American Technological Development
HIST 3376,"American Intellectual History, Colonial to the Civil War"
HIST 3377,"American Intellectual History, Civil War to the Present"
HIST 3379,United States Relations with Latin America
HIST 3380,The Nuclear Age in America
HIST 3382,The United States Since 1945
HIST 3386,World History to 1500
HIST 3387,World History from 1500
HIST 3389,History of Science in the U.S.
HIST 3390,Twentieth Century African-American History
HIST 3391,Modern Mexico
HIST 3396,Native Americans in the Twentieth Century
HIST 3397,Study Abroad in Latin America
HIST 3398,Colonial Latin American History
HIST 3399,Modern Latin American History
HIST 4344,Topics in European History
HIST 4347,Topics in Early Modern European History
HIST 4349,Jewish History
HIST 4357,Topics in African and African-American History
HIST 4358,Topics in Asian History
HIST 4359,Topics in Latin American History
HIST 4360,Topics in American Women's History
HIST 4369,Topics in Borderlands History
HIST 4376,Topics in History
HIST 4377,Topics in Early American History
HIST 4378,Topics in American History
HIST 4379,Topics in Women's and Gender History
HIST 4380,Topics in Intellectual History
HIST 4381,Topics in Comparative History
HIST 4382,Topics in Middle Eastern History
HIST 4383,Topics in U.S. Southern History
HIST 4384,Topics in the History of Religion
HIST 4385,Topics in the History of Science
HIST 4386,Topics in the History of Race or Ethnicity
HIST 4387,Topics in Urban History
HIST 4388,Topics in Holocaust History
HIST 4390,History Capstone Project
HIST 4V71,Independent Study in Historical Studies
HIST 4V99,Senior Honors in Historical Studies
HLTH 1100,Career Explorations for the Health Professions
HLTH 1301,Introduction to Kinesiology
HLTH 1322,Human Nutrition
HLTH 3101,Medical Terminology
HLTH 3300,Pre-Health Professional Development
HLTH 3301,Issues in Geriatric Healthcare
HLTH 3305,The U.S. Healthcare System
HLTH 3306,Gender in Healthcare
HLTH 3310,Health Care Issues: Global Perspectives
HLTH 3315,Issues in Patient Education
HLTH 4108,Verbal Reasoning and Writing for Pre-Health
HLTH 4304,Health Professions Internship
HLTH 4305,Public Health
HLTH 4306,Health and Sport
HLTH 4307,Climate Change in Healthcare
HLTH 4380,Special Topics in Healthcare
HLTH 4V01,Health Professions Independent Study
HMGT 3080,Healthcare Management Honors Program Seminar
HMGT 3100,Professional Development
HMGT 3200,Introduction to Business and Professional Development
HMGT 3301,Introduction to Healthcare Management
HMGT 3310,Healthcare Regulatory Environment
HMGT 3311,Healthcare Accounting
HMGT 3320,Complex and Dynamic Healthcare Environment
HMGT 4090,Healthcare Management Internship
HMGT 4321,Introduction to Healthcare Information Systems
HMGT 4331,Marketing in Healthcare Organizations
HMGT 4351,"Management, Design and Optimization of Healthcare Processes"
HMGT 4392,International Healthcare Management and Leadership
HMGT 4395,Capstone Senior Project - Healthcare Management
HMGT 4V90,Healthcare Management Internship
HONS 3101,"Medicine, Politics, and Philosophy"
HONS 3104,Foreign Film & Political Culture
HONS 3106,Positive Psychology
HONS 3108,Internet and Public Policy
HONS 3110,The Addicted Brain
HONS 3111,Science Fiction
HONS 3112,Contemporary Topics in Business
HONS 3113,Lives of the Genus Genius
HONS 3114,Scientific Research Concepts
HONS 3115,Exploring Research at UT Dallas
HONS 3199,Collegium V Honors Readings
HONS 4V96,Collegium V Honors Capstone
HONS 4V97,Independent Study in Honors
HUMA 1301,Exploration of the Humanities
HUMA 3342,Topics in the Humanities
HUMA 3350,Introduction to Islam
HUMA 3351,Introduction to Islamic Culture
HUMA 4V71,Independent Study in the Humanities
IMS 3091,Regional Management Area Studies: Latin America
IMS 3092,Regional Management Area Studies: Western Europe
IMS 3093,Regional Management Area Studies: Asia
IMS 3094,Regional Management Area Studies: Africa
IMS 3095,Regional Management Area Studies: North America
IMS 3096,Regional Management Area Studies: Eastern Europe
IMS 3100,Professional Development
IMS 3310,International Business
IMS 3V91,Regional Management Area Studies: Latin America
IMS 3V92,Regional Management Area Studies: Western Europe
IMS 3V93,Regional Management Area Studies: Asia
IMS 3V94,Regional Management Area Studies: Africa
IMS 3V95,Regional Management Area Studies: North America
IMS 3V96,Regional Management Area Studies: Eastern Europe
IMS 4090,Management Internship
IMS 4091,International Social Sector Engagement and Community Outreach Practicum
IMS 4095,International Social Sector Engagement and Community Outreach Practicum
IMS 4310,Export Market Development
IMS 4320,International Marketing
IMS 4325,International Advertising and Promotion
IMS 4330,Global Human Resource Management
IMS 4332,International Negotiation
IMS 4334,International Leadership
IMS 4335,Social Sector Entrepreneurship and Community Engagement
IMS 4373,Global Strategy
IMS 4395,Capstone Senior Project - Global Business
IMS 4V81,Individual Study in International Management
IMS 4V90,Management Internship
IMS 4V94,Seminar Series in International Management
IPEC 3349,World Resources and Development
IPEC 4301,Political Economy of Industrialized Countries
IPEC 4302,Political Economy of Developing Countries
IPEC 4303,Political Economy of South and Southeast Asia
IPEC 4304,Political Economy of Latin America
IPEC 4305,"Topics in Science, Technology and Institutions"
IPEC 4306,Economic Development: Re-Engineering Places and Performances
IPEC 4307,Regional Topics in International Political Economy
IPEC 4308,Political Economy of Africa
IPEC 4309,Urban Development
IPEC 4310,Environmental and Health Policy in East Asia
IPEC 4311,Regional Topics in International Political Economy
IPEC 4312,The Intangible Economy: Exploring 21st-Century New Growth Frontiers
IPEC 4375,Benefit-Cost Analysis
IPEC 4376,Foreign Policy and Public Opinion
IPEC 4377,Politics of International Finance
IPEC 4384,Health and Environmental Policy: A Global Perspective
IPEC 4396,Topics in International Political Economy
IPEC 4V91,Undergraduate Research in International Political Economy
IPEC 4V97,Independent Study
IPEC 4V98,Internship
IPEC 4V99,Senior Honors in International Political Economy
ISAE 2121,Careers for ATEC Majors
ISAE 4V50,Internship
ISAH 2130,Careers for Arts and Humanities Majors
ISAH 2188,Enrichment in the Arts and Humanities
ISAH 4V50,Internship
ISAH 4V88,Special Interdisciplinary Topics in the Arts and Humanities
ISEC 4102,Computer Art Laboratory
ISEC 4201,The Computer and the Artist
ISEC 4395,Computing in Society
ISEC 4V87,Special Interdisciplinary Topics in Engineering or Computer Science
ISIS 3309,Dental Anthropology
ISIS 3310,Childhood Sexual Abuse: A Multidisciplinary Investigation
ISIS 3312,Women in Management
ISIS 3334,Environment in America
ISIS 3335,United States and East Asia
ISIS 3V70,Teaching Internship
ISIS 4303,"Business, Law and Culture"
ISIS 4304,Trials in American Culture
ISIS 4309,Diversity and Globalization
ISIS 4310,Health Strategy for Multicultural Populations
ISIS 4350,International Development: Cultural Impacts
ISIS 4V89,Special Topics in Interdisciplinary Studies
ISNS 2359,Earthquakes and Volcanoes
ISNS 2366,Global Climate Change
ISNS 2367,The Oceans
ISNS 2368,Weather and Climate
ISNS 3371,"The Phenomena of Nature: Forces, Gases, Motion, Heat, Light and Electricity"
ISNS 3373,Our Nearest Neighbors in the Sky
JAPN 1311,Beginning Japanese I
JAPN 1312,Beginning Japanese II
JAPN 2311,Intermediate Japanese I
JAPN 2312,Intermediate Japanese II
JAPN 2350,Business Japanese
JAPN 3311,Advanced Japanese I
JAPN 3312,Advanced Japanese II
JAPN 4301,Advanced Japanese Conversation
JAPN 4364,Advanced Japanese Culture
LANG 1311,Beginning Language Instruction I
LANG 1312,Beginning Language Instruction II
LANG 2312,Intermediate Language Instruction II
LANG 2V42,Topics in Language
LANG 2V71,Independent Study in Language
LANG 3342,Advanced Language Instruction
LANG 3348,Topics in Language
LANG 4348,Advanced Topics in Language
LANG 4V71,Independent Study in Language
LATS 2V71,Independent Study in Latin American Studies
LATS 3301,Latin American Literature
LATS 3302,Latin American Film
LATS 3303,Latin Social Dance
LATS 4V71,Independent Study in Latin American Studies
LATS 4V99,Senior Honors in Latin American Studies
LIT 1301,Introduction to Literature
LIT 2320,Survey A: Literature in English
LIT 2321,Survey B: Literature in Translation
LIT 2329,Introduction to Ethnic American Literature
LIT 2331,Introduction to World Literature
LIT 2350,Close Reading
LIT 2V71,Independent Study in Literature
LIT 3300,Western Literary Tradition
LIT 3309,Studies in the Short Story
LIT 3310,Studies in Epic and Romance
LIT 3312,Studies in Prose Narrative
LIT 3314,Studies in Poetry
LIT 3316,The Literature of Science Fiction
LIT 3317,The Literature of Fantasy
LIT 3319,Contexts
LIT 3320,Shakespeare
LIT 3328,Ethics in Literature
LIT 3330,Linguistics
LIT 3332,English Syntax and Mechanical Structure
LIT 3334,Literature of Science
LIT 3337,Comparisons
LIT 3338,Literary Theory and Aesthetic Philosophy
LIT 3339,Writing Literary Studies
LIT 4329,Single Author
LIT 4348,Topics in Literature
LIT 4390,Capstone
LIT 4V71,Independent Study in Literature
LIT 4V99,Senior Honors in Literature
MECH 1100,Introduction to Mechanical Engineering I
MECH 1208,Introduction to Mechanical Engineering II
MECH 1V95,Topics in Mechanical Engineering
MECH 2120,Mechanics of Materials Laboratory
MECH 2310,Statics
MECH 2320,Mechanics of Materials
MECH 2330,Dynamics
MECH 2340,Circuits and Applied Electronics
MECH 2V95,Topics in Mechanical Engineering
MECH 3105,Computer Aided Design Laboratory
MECH 3115,Fluid Mechanics Laboratory
MECH 3120,Heat Transfer Laboratory
MECH 3150,Kinematics and Dynamics Laboratory
MECH 3305,Computer Aided Design
MECH 3310,Thermodynamics
MECH 3315,Fluid Mechanics
MECH 3320,Heat Transfer
MECH 3340,System Dynamics Modeling and Analysis
MECH 3350,Kinematics and Dynamics of Mechanical Systems
MECH 3351,Design of Mechanical Systems
MECH 3360,Introduction to Materials Science
MECH 3370,Applied Thermodynamics
MECH 3380,Introduction to Computational Design and Analysis
MECH 3381,Introduction to Manufacturing Processes
MECH 3V95,Topics in Mechanical Engineering
MECH 4110,Systems and Controls Laboratory
MECH 4301,Intermediate Mechanics of Materials
MECH 4310,Systems and Controls
MECH 4320,Applications of Computational Tools in Thermal Fluid Science
MECH 4330,Intermediate Fluid Mechanics
MECH 4340,Mechanical Vibrations
MECH 4342,Introduction to Robotics
MECH 4360,Introduction to Nanostructured Materials
MECH 4370,Introduction to MEMS
MECH 4380,HVAC Systems
MECH 4381,Senior Design Project I
MECH 4382,Senior Design Project II
MECH 4399,Senior Honors in Mechanical Engineering
MECH 4V95,Topics in Mechanical Engineering
MECH 4V96,Individual Instruction in Mechanical Engineering
MECH 4V98,Undergraduate Research in Mechanical Engineering
MECO 3300,Introduction to Energy Technology
MECO 3330,Energy Economics
MECO 3340,Energy Law and Contracts
MECO 3360,Comparative Institutions of Production and Distribution
MECO 3361,Comparative Institutions of Production and Distribution II
MECO 4300,Energy Land Management
MECO 4315,Behavioral Economics and Finance
MECO 4340,Thinking Strategically
MECO 4342,Financial and Business Negotiation Analysis
MECO 4351,Industrial Organization and Corporate Strategy
MECO 4352,Applied Econometrics and Time Series Analysis
MECO 4370,Data Science Decision Making
MECO 4V90,Special Topics in Managerial Economics
MKT 3100,Professional Development
MKT 3200,Introduction to Business and Professional Development
MKT 3300,Principles of Marketing
MKT 3320,Product and Brand Management
MKT 3330,Introduction to Professional Selling
MKT 3331,Principles of Category Management
MKT 3340,Marketing Research
MKT 3V92,European Marketing Studies
MKT 4090,Marketing Internship
MKT 4320,International Marketing
MKT 4330,Digital and Internet Marketing
MKT 4331,Digital Prospecting
MKT 4332,Advanced Personal Selling
MKT 4333,Retailing and Distribution
MKT 4334,Social Media Marketing
MKT 4335,Category Buying
MKT 4336,E-Retailing
MKT 4337,Marketing Analytics
MKT 4338,Marketing Content Creation
MKT 4339,Marketing Creative Skills and Testing
MKT 4340,Consumer Behavior
MKT 4341,Predictive Analytics
MKT 4350,Advertising
MKT 4360,Social Marketing
MKT 4370,Marketing Projects
MKT 4390,Advanced Marketing Analytics
MKT 4395,Capstone Senior Project - Marketing
MKT 4V83,Individual Study in Marketing
MKT 4V90,Marketing Internship
MKT 4V93,Seminar Series in Marketing
MSEN 3301,Introduction to Nanoscience and Nanotechnology
MSEN 3302,"Microscopy, Spectroscopy, and Nanotech Instrumentation"
MSEN 3304,Materials Science for Sustainable Energy
MSEN 3310,Introduction to Materials Science
MSEN 4391,Technology of Plasma
MSEN 4V95,Undergraduate Research
MUSI 1306,Understanding Music
MUSI 1313,Fundamentals of Music
MUSI 2112,Guitar Ensemble I
MUSI 2113,Pep Band
MUSI 2120,Wind Ensemble I
MUSI 2124,Instrumental Ensemble I
MUSI 2126,Jazz Ensemble I
MUSI 2127,University Choir
MUSI 2128,String Orchestra I
MUSI 2129,Lower-Division Applied Music
MUSI 2311,Topics in Music
MUSI 2315,Guitar I
MUSI 2317,Piano I
MUSI 2319,Digital Music I
MUSI 2321,Music Cultures of the World
MUSI 2322,Music in Western Civilization
MUSI 2325,Vocal Instruction I
MUSI 2328,Music Theory I
MUSI 2329,Music Theory II
MUSI 2330,Music Theory III
MUSI 2V71,Independent Study in Music
MUSI 3112,Advanced Orchestra/Chamber Music Ensemble I
MUSI 3116,Guitar Ensemble II
MUSI 3118,String Orchestra II
MUSI 3120,Wind Ensemble II
MUSI 3122,Brass Ensemble I
MUSI 3130,Percussion Ensemble
MUSI 3131,Drumline
MUSI 3181,Instrumental Ensemble II
MUSI 3185,Chamber Singers I
MUSI 3186,Jazz Ensemble II
MUSI 3229,Upper-Division Applied Music
MUSI 3322,Music in Historical Context
MUSI 3324,Jazz History: Roots to Swing
MUSI 3325,Jazz History: Modern Jazz since BeBop
MUSI 3327,Music in Modern Culture
MUSI 3328,Advanced Theory and Keyboard Skills
MUSI 3330,Music Literature: Romantic to Modern
MUSI 3342,Topics in Music
MUSI 3380,Guitar II
MUSI 3382,Vocal Instruction II
MUSI 3384,Best of Broadway
MUSI 3387,Keyboard Skills for Contemporary Music
MUSI 3388,Piano II
MUSI 3389,Digital Music II
MUSI 4112,Advanced Orchestra/Chamber Music Ensemble II
MUSI 4116,Guitar Ensemble III
MUSI 4118,String Orchestra III
MUSI 4120,Wind Ensemble III
MUSI 4146,Instrumental Ensemble III
MUSI 4147,Vocal Ensemble III
MUSI 4185,Chamber Singers II
MUSI 4186,Jazz Ensemble III
MUSI 4322,Vocal Instruction III
MUSI 4345,Music Performance III
MUSI 4348,Creating Music
MUSI 4390,Senior Project in Music
MUSI 4V12,Chamber Music
MUSI 4V13,Chamber Music II
MUSI 4V61,Individual Instruction in Vocal Performance
MUSI 4V71,Independent Study in Music
NATS 1101,Natural Sciences and Mathematics Freshman Seminar
NATS 1141,UTeach STEP 1
NATS 1142,UTeach STEP 1
NATS 1143,UTeach STEP 2
NATS 1311,"The Universe, and Everything Else"
NATS 2330,The Basis of Evolution
NATS 2333,"Energy, Water, and the Environment"
NATS 2V10,Special Topics in Natural Sciences
NATS 3341,Knowing and Learning in Mathematics and Science
NATS 3343,Classroom Interactions
NATS 4141,UTeach Apprentice Teaching Seminar
NATS 4310,Advanced Writing in the Natural Sciences and Mathematics
NATS 4341,Project-Based Instruction
NATS 4390,Research Methods
NATS 4694,"UTeach Apprentice Teaching, 7-12 Science and Mathematics"
NATS 4696,"UTeach Apprentice Teaching, 4-8 Science and Mathematics"
NATS 4V41,Independent Study in Science and Math Education
NATS 4V90,Special Topics in Natural Sciences
NATS 4V91,Green Fellowship Directed Research
NSC 3344,Anatomy and Physiology of Speech and Hearing
NSC 3361,Introduction to Neuroscience
NSC 4193,Internship Preparation
NSC 4350,Medical Neuropathology
NSC 4351,Medical Neuroscience
NSC 4352,Cellular Neuroscience
NSC 4353,Neuroscience Laboratory Methods
NSC 4354,Integrative Neuroscience
NSC 4355,Advanced Neuroscience Laboratory
NSC 4356,Neurophysiology
NSC 4357,Neurobiology of Learning and Memory
NSC 4358,Neuroscience of Pain
NSC 4359,Cognitive Neuroscience
NSC 4360,Introduction to Entrepreneurship in Neuroscience
NSC 4361,Case Studies in Therapeutic Discovery in Neuroscience
NSC 4362,Molecular Neuroscience
NSC 4363,Neuropharmacology
NSC 4364,Journey into Medicine
NSC 4365,Laboratory Methods in Human Neuroscience
NSC 4366,Neuroanatomy
NSC 4367,Developmental Neurobiology
NSC 4370,Neuroendocrinology
NSC 4371,Neural Plasticity
NSC 4372,Neuroimmunology
NSC 4373,Sensory Neuroscience
NSC 4374,Neuroplasticity in Disorders of the Nervous System
NSC 4376,Neurobiology of Stress
NSC 4378,Neurotoxicology
NSC 4382,Neurobiology of Emotion
NSC 4383,Human Neurophysiology Lab
NSC 4385,Neuropsychology
NSC 4387,Neuropathology
NSC 4388,Medical Physiology
NSC 4389,Developmental Cognitive Neuroscience
NSC 4391,Writing and Independent Study
NSC 4394,Internship in Neuroscience
NSC 4395,Internship in Neuroscience II
NSC 4397,Thesis Research
NSC 4V75,Honors Seminar
NSC 4V90,Special Topics in Neuroscience
NSC 4V91,Green Fellowship Directed Research
NSC 4V95,Externship in Neuroscience
NSC 4V96,Teaching Internship
NSC 4V98,Directed Research
NSC 4V99,Independent Study
OBHR 3310,Organizational Behavior
OBHR 3311,Principles of Management
OBHR 3320,Groups and Teams
OBHR 3330,Introduction to Human Resource Management
OBHR 4090,Management Internship
OBHR 4300,Management of Non-Profit Organizations
OBHR 4310,Business Ethics
OBHR 4331,Compensation and Benefits Administration
OBHR 4333,Performance Management
OBHR 4334,Talent Acquisition and Management
OBHR 4335,Training and Development
OBHR 4336,Labor and Employee Relations
OBHR 4337,HR Analytics
OBHR 4338,Managing Diversity in Organizations
OBHR 4350,Introduction to Leading and Managing
OBHR 4352,Negotiation and Dispute Resolution
OBHR 4354,Leading Organizational Change
OBHR 4356,Power and Influence in Organizations
OBHR 4358,"Transformational Leadership, Ethics, and Social Responsibility in Practice"
OBHR 4361,The Human Resource Professional
OBHR 4370,Data Science Decision Making
OBHR 4395,Capstone Senior Project - Human Resource Management
OBHR 4V84,Individual Study
OBHR 4V90,Management Internship
OBHR 4V94,Seminar Series in Management
OPRE 3100,Professional Development
OPRE 3200,Introduction to Business and Professional Development
OPRE 3310,Operations Management
OPRE 3311,Introduction to Programming
OPRE 3312,Object-Oriented Programming
OPRE 3320,Integrated Supply Chain Management
OPRE 3330,Project Management
OPRE 3333,Quantitative Business Analysis
OPRE 3340,Advanced Business Quantitative Methods
OPRE 3360,Managerial Methods in Decision Making Under Uncertainty
OPRE 4090,Supply Chain Management Internship
OPRE 4310,Lean and Six Sigma Processes
OPRE 4320,Integrated SCM Information Systems
OPRE 4330,Global Logistics and Inventory Management
OPRE 4337,Marketing Analytics
OPRE 4340,"Purchasing, Sourcing, and Contract Management"
OPRE 4345,Retail Operations
OPRE 4350,Spreadsheet Modeling and Analytics
OPRE 4353,Business Analytics
OPRE 4395,Capstone Senior Project - Supply Chain Management
OPRE 4V81,Individual Study in Supply Chain Management
OPRE 4V90,Supply Chain Management Internship
OPRE 4V91,Seminar Series in Supply Chain Management
PA 2325,Introduction to Public and Nonprofit Management
PA 3306,Advanced Research and Writing for the Policy Sciences
PA 3310,Managing Government Organizations
PA 3314,Financial Management
PA 3333,Human Resources Management: Leading a Diverse Workforce
PA 3377,Urban Planning and Policy
PA 3378,Public Finance and Economics
PA 3379,Diversity in the Public Sector
PA 3380,Organizations: Theory and Behavior
PA 3381,Field Research Methods
PA 3382,Sustainable Communities
PA 4317,Field Research Practicum
PA 4340,Creating High Performance Organizations
PA 4345,Negotiation and Conflict Resolution
PA 4350,"Public Agencies, Management and Ethics"
PA 4351,Managing the Urban Environment
PA 4352,Emerging Communication Strategies in Public Service Organizations
PA 4355,Managing Nonprofit Organizations
PA 4370,"Leadership, Democracy, and Ethics"
PA 4386,Health and Social Policy
PA 4387,Project Management
PA 4390,Capstone - Social Entrepreneurship: Leading Change
PA 4396,Topics in Public Administration
PA 4V97,Independent Study in Public Administration
PA 4V98,Internship
PA 4V99,Senior Honors in Public Administration
PHIL 1301,Introduction to Philosophy
PHIL 1305,Introduction to Philosophy of Religion
PHIL 1306,Introduction to Ethics
PHIL 2303,Introduction to Logic
PHIL 2304,Understanding Scientific Inquiry
PHIL 2316,History of Philosophy I
PHIL 2317,History of Philosophy II
PHIL 3309,Philosophy of Technology
PHIL 3320,Medical Ethics
PHIL 3321,Philosophical Traditions I
PHIL 3322,Ancient Philosophy
PHIL 3323,Early Modern Philosophy
PHIL 3324,19th and 20th Century Philosophy
PHIL 3328,History and Philosophy of Science and Medicine
PHIL 3338,Literary Theory and Aesthetic Philosophy
PHIL 3357,Confronting Death
PHIL 3373,Philosophy of Mind
PHIL 3375,Contemporary Ethical Issues
PHIL 4308,Theories of Knowledge
PHIL 4321,Philosophy of Medicine
PHIL 4322,Philosophical Traditions II
PHIL 4323,Ethical Theories
PHIL 4324,Social and Political Philosophy
PHIL 4325,Philosophy of Art and Aesthetics
PHIL 4326,Major Figures
PHIL 4327,Great Texts
PHIL 4328,Philosophy Capstone Project
PHIL 4330,Continental Philosophy
PHIL 4331,Philosophy and Poetry
PHIL 4332,Philosophy of Race
PHIL 4333,Feminist Philosophy
PHIL 4344,Philosophy of Science
PHIL 4380,Topics in Philosophy
PHIL 4V71,Independent Study in Philosophy
PHIL 4V99,Senior Honors in Philosophy
PHIN 1100,Sports Conditioning
PHIN 1102,Racquetball
PHIN 1103,Beginning Tennis
PHIN 1104,Intermediate Tennis
PHIN 1106,Aerobics
PHIN 1107,Beginning Basketball
PHIN 1108,Beginning Volleyball
PHIN 1111,Special Topics in Physical Instruction
PHIN 1120,Beginning Yoga
PHIN 1121,Martial Arts and Self-Defense
PHIN 1122,Physical Fitness and Conditioning
PHIN 1129,Beginning Swimming
PHIN 1130,Intermediate Swimming
PHIN 2102,Racquetball II
PHIN 2120,Open Water Scuba
PHIN 2125,Intermediate Yoga
PHIN 2150,Soccer
PHIN 2151,Topics in Athletics
PHIN 2152,Baseball
PHIN 2153,Cheerleading
PHIN 2154,Cross Country
PPOL 4300,Capstone in Public Policy
PPOL 4301,"Law, Science, and Policy"
PPOL 4302,Data and Policy
PPOL 4303,The Internet and Public Policy
PPOL 4310,Law and Terrorism
PPOL 4311,Wicked Social Problems
PPOL 4312,"Death Penalty, the Law and Public Policy"
PPOL 4314,Family Violence and Public Policy
PPOL 4396,Topics in Public Policy
PPOL 4398,Internship
PPOL 4V91,Undergraduate Research in Public Policy
PPOL 4V96,Independent Study
PPOL 4V99,Senior Honors in Public Policy
PSCI 3301,Political Theory
PSCI 3303,Civil Liberties
PSCI 3306,Political Economy
PSCI 3310,Managing Government Organizations
PSCI 3322,Constitutional Law
PSCI 3323,American Federalism
PSCI 3325,American Public Policy
PSCI 3326,Politics and Business
PSCI 3327,American Foreign Policy
PSCI 3328,International Relations
PSCI 3333,Political Behavior
PSCI 3350,Comparative Politics
PSCI 3351,Comparative Courts and Law
PSCI 3353,Law and Gender
PSCI 3362,The American Political Institutions
PSCI 3364,Campaigns and Elections
PSCI 4301,"Law, Science, and Policy"
PSCI 4302,Data and Policy
PSCI 4303,Ethnic Politics
PSCI 4304,Energy and Environmental Politics and Policy
PSCI 4305,Political Research
PSCI 4306,Protest and Social Movements
PSCI 4307,Predicting Politics
PSCI 4308,Writing a Senior Thesis
PSCI 4310,Law and Terrorism
PSCI 4312,Politics of East Asia
PSCI 4313,Politics of China
PSCI 4314,Political Economy of East Asia
PSCI 4316,Civil War and Conflict Resolution
PSCI 4320,Political Psychology
PSCI 4321,Media and Politics
PSCI 4326,Political Parties and Interest Groups
PSCI 4328,Fake News
PSCI 4329,Global Politics
PSCI 4330,The Bible and Politics
PSCI 4331,Mexican Politics
PSCI 4332,Latin American Politics
PSCI 4334,Approaches to Peace
PSCI 4341,Politics of the Judicial Process
PSCI 4343,Congress and Public Policy
PSCI 4344,Race and Redistricting
PSCI 4347,The War on Drugs
PSCI 4348,Terrorism
PSCI 4354,Contemporary Political Thought
PSCI 4356,International Political Economy
PSCI 4357,Human Rights
PSCI 4359,International Conflict
PSCI 4360,The Political Economy of Multinational Corporations
PSCI 4363,International Law
PSCI 4364,Civil Rights Law and Society
PSCI 4370,Policy Making Process
PSCI 4372,Advocacy and Politics
PSCI 4373,Politics of National Memory
PSCI 4374,Policy Making in Austin
PSCI 4375,Advocacy in the State Legislature
PSCI 4376,Foreign Policy and Public Opinion
PSCI 4377,Women and Politics
PSCI 4378,"Migration, Refugee and Asylum Policy and Law"
PSCI 4396,Selected Topics in Government and Politics
PSCI 4398,Texas Legislative Internship
PSCI 4V65,Undergraduate Research in Political Science
PSCI 4V66,Mock Trial
PSCI 4V67,Moot Court
PSCI 4V76,Archer Center Washington Internship
PSCI 4V97,Independent Study in Government and Politics
PSCI 4V98,Internship
PSCI 4V99,Senior Honors in Government and Politics
REAL 3305,Real Estate Principles
REAL 3365,Real Estate Finance and Principles
REAL 4090,Real Estate Internship
REAL 4321,Real Estate Law and Contracts
REAL 4328,Real Estate Valuation
REAL 4V80,Internship in Real Estate
REAL 4V90,Individual Study in Real Estate
RHET 1302,Rhetoric
RHET 2302,Intermediate Composition and Rhetoric
RHET 3302,Visual Rhetoric
RHET 3303,Professional and Technical Writing in Career Fields
RHET 4302,Advanced Writing and Research
RHET 4303,Advanced Editing
RMIS 3370,Principles of Risk Management and Insurance
RMIS 3375,"Life, Accident and Health Insurance"
RMIS 4331,Business Liability Risk Management and Insurance
RMIS 4332,Commercial Property Risk Management and Insurance
RMIS 4333,Enterprise Risk Management
RMIS 4334,Insurance Law and Contracts
RMIS 4336,Risk Control and Safety Engineering
RMIS 4338,Financial Decision Making Processes for Risk Management
SOC 1301,Introduction to Sociology
SOC 2300,Introduction to Gender Studies
SOC 2303,"Culture, Media and Society"
SOC 2305,Individual and Society
SOC 2320,Contemporary Social Issues
SOC 3303,Classical Social Theory
SOC 3305,Applied Data Analysis
SOC 3315,Socio-Behavioral Sciences for Medicine
SOC 3320,Urban Sociology
SOC 3321,Deviance
SOC 3325,Race and Ethnicity
SOC 3331,Education and Society
SOC 3333,Religion in Society
SOC 3342,The Life Cycle
SOC 3343,Sociology of the Family
SOC 3344,Film and Society
SOC 3352,"Sex, Gender and Society"
SOC 3363,Immigrants and Immigration in U.S. Society
SOC 3379,Diversity in the Public Sector
SOC 3381,Field Research Methods
SOC 3382,Sustainable Communities
SOC 4302,"Class, Status, and Power"
SOC 4306,Advanced Sociological Research
SOC 4317,Field Research Practicum
SOC 4357,"Drugs, Alcohol and Society"
SOC 4369,Public Health and Society
SOC 4371,Mental Health and Illness
SOC 4372,Health and Illness
SOC 4375,Gender and Work
SOC 4384,Social Epidemiology
SOC 4385,Global Health and Society
SOC 4386,Health and Social Policy
SOC 4388,Religions in Global Societies
SOC 4396,Selected Topics in Sociology
SOC 4V97,Independent Study in Sociology
SOC 4V98,Internship
SOC 4V99,Senior Honors in Sociology
SPAN 1311,Beginning Spanish I
SPAN 1312,Beginning Spanish II
SPAN 2310,Spanish for Heritage Speakers
SPAN 2311,Intermediate Spanish I
SPAN 2312,Intermediate Spanish II
SPAN 3330,Medical Spanish
SPAN 3350,Business Spanish
SPAN 3363,Spanish Composition and Style
SPAN 3365,Advanced Spanish I
SPAN 3366,Advanced Spanish II
SPAN 4301,Advanced Spanish Conversation
SPAN 4302,Spanish Conversation and Community
SPAN 4315,Study Abroad in Spanish
SPAN 4364,Advanced Spanish Culture
SPAN 4366,Spanish and Latin American Literatures
SPAN 4367,The History of the Spanish Language
SPAU 3301,Communication Disorders
SPAU 3303,Normal Language Development
SPAU 3304,Communication Sciences
SPAU 3305,Language and Literacy Development
SPAU 3340,Articulation Disorders
SPAU 3341,Audiology
SPAU 3342,Exceptional Children
SPAU 3343,Phonetics
SPAU 3344,Anatomy and Physiology of Speech and Hearing
SPAU 3345,Neural Basis of Communication
SPAU 3388,Clinical Observation in Speech-Language Pathology
SPAU 3390,Clinical Practicum in Speech-Language Pathology
SPAU 4193,Internship Preparation
SPAU 4308,Language Disorders in Children
SPAU 4342,Assessment Procedures in Speech-Language Pathology
SPAU 4366,Clinical Report Writing
SPAU 4367,Development and Design of Therapeutic Resources
SPAU 4386,Adult Development and Aging
SPAU 4393,Language in Culture and Society
SPAU 4394,Multicultural Aspects of Communication Disorders
SPAU 4395,Issues in the Management of Persons with Hearing Impairment
SPAU 4396,Internship
SPAU 4397,Thesis Research
SPAU 4V75,Honors Seminar
SPAU 4V90,Special Topics in Speech-Language Pathology and Audiology
SPAU 4V96,Teaching Internship
SPAU 4V98,Directed Research
SPAU 4V99,Individual Study
THEA 1310,Understanding Theatre
THEA 1351,Acting 1
THEA 1352,Acting 2
THEA 2311,Topics in Theatre
THEA 2350,Voice for the Actor
THEA 2364,Musical Theatre Workshop
THEA 2371,Technical Theatre 1
THEA 2372,Improvisation
THEA 2373,Languages of the Body
THEA 2V71,Independent Study in Theatre
THEA 3310,Theatre/Performance Ensemble
THEA 3323,Performance in Historical Context
THEA 3324,Technical Theatre 2
THEA 3325,Directing
THEA 3342,Advanced Topics in Theatre
THEA 3351,Light Design
THEA 3352,Stage Management
THEA 3353,Theatrical Makeup
THEA 3356,Acting 3
THEA 3361,Performing Shakespeare
THEA 3372,Advanced Improvisation
THEA 3380,Theatre and Literature
THEA 3V10,Technical Theatre Practicum
THEA 4301,Acting for Film and Video
THEA 4310,Theatre Internship
THEA 4342,Advanced Topics in Technical Theatre
THEA 4V71,Independent Study in Theatre
UNIV 1010,Freshman Seminar
UNIV 1100,Freshman Seminar - Undeclared
UNIV 2010,Seminar for Pre-Law Professionals
UNIV 2012,Seminar: Evaluating Competencies for Entry to Health Professions Schools
UNIV 2020,Core Curriculum Assessment
UNIV 2074,Introductory University Engagement and Applied Leadership I
UNIV 2075,Introductory University Engagement and Applied Leadership II
UNIV 2114,Portfolio Seminar for UT PACT Students
UNIV 2V96,Special Topics I
UNIV 3010,Transfer Transitions
UNIV 3015,Travel Preparation
UNIV 3074,Intermediate University Engagement and Applied Leadership I
UNIV 3075,Intermediate University Engagement and Applied Leadership II
UNIV 3112,Research Practicum
UNIV 3310,Community-Engaged Service Learning
UNIV 4073,Advanced University Engagement and Applied Leadership I
UNIV 4074,Student Leadership
UNIV 4075,Advanced University Engagement and Applied Leadership II
UNIV 4076,Advanced Student Leadership
UNIV 4174,Theory and Practice of Group Motivation and Leadership
UNIV 4395,Topics: Online Education in a Massively Multiplayer Virtual World
VPAS 2V71,Independent Study in Visual and Performing Art
VPAS 3300,Elements of Art and Performance
VPAS 3340,Writing in the Arts
VPAS 4310,Entertainment Law
VPAS 4389,Theory and Practice of the Visual and Performing Arts
VPAS 4390,Senior Capstone
VPAS 4V71,Independent Study in Visual and Performing Art
VPAS 4V99,Senior Honors in Visual and Performing Art
